,sub_id,within_state_ps,between_state_ps,cluster,cluster_type,visual_index
0,1,0.6533758971285845,0.6188480479179912,mPFC,DMN,0.034527849210593264
1,1,0.6004532198618211,0.6034439915190164,r-IPL,DMN,-0.0029907716571953014
2,1,0.7633429495552762,0.7612558269678642,RSC1,RSC,0.0020871225874119492
3,1,0.7291897774799174,0.7319996849703538,l-IPS,CONT,-0.002809907490436414
4,1,0.7563798806333495,0.7465927244711452,r-IPS,CONT,0.009787156162204269
5,1,0.7360606408511912,0.7184881200483899,PCUN,DMN,0.01757252080280125
6,1,0.7298309421821448,0.72814201765497,l-IPL1,DMN,0.0016889245271748399
7,1,0.6964039949632088,0.6809930956423078,r-PFC,CONT,0.015410899320901006
8,1,0.7628275455588978,0.7641998821062288,l-PFC1,CONT,-0.0013723365473310434
9,1,0.7516735105999105,0.7526569552403604,PCC,DMN,-0.0009834446404498598
10,1,0.7465891432122919,0.7389753649207413,RSC2,RSC,0.0076137782915505214
11,1,0.8267617925035502,0.8079121044321464,SFG,CONT,0.018849688071403747
12,1,0.9431024489458322,0.941073950895648,l-PFC2,CONT,0.0020284980501841243
13,1,0.6697128807820588,0.6446959915083652,MTG,DMN,0.02501688927369361
14,1,0.781705509877993,0.7829628529261006,l-IPL2,DMN,-0.0012573430481075398
15,1,0.6509327588761026,0.6662282692185231,r-ITG,CONT,-0.015295510342420493
16,2,0.7278033181339736,0.7427864538580902,mPFC,DMN,-0.01498313572411658
17,2,0.6293545901462108,0.6365498836732773,r-IPL,DMN,-0.007195293527066493
18,2,0.7075965721682826,0.7430160711085312,RSC1,RSC,-0.03541949894024854
19,2,0.784769581101594,0.8005770434674293,l-IPS,CONT,-0.0158074623658353
20,2,0.7843289482362561,0.7901751785369981,r-IPS,CONT,-0.00584623030074205
21,2,0.7765277432430897,0.7822455969271,PCUN,DMN,-0.005717853684010343
22,2,0.7396581286518559,0.7450662657215394,l-IPL1,DMN,-0.005408137069683572
23,2,0.7834079655937608,0.7790911001155578,r-PFC,CONT,0.00431686547820298
24,2,0.8390823457272485,0.8735847305935793,l-PFC1,CONT,-0.03450238486633084
25,2,0.7505074687910829,0.7209372731123473,PCC,DMN,0.029570195678735534
26,2,0.7879927644353321,0.8318854175776587,RSC2,RSC,-0.0438926531423266
27,2,0.6777502598819458,0.6966617630318299,SFG,CONT,-0.0189115031498841
28,2,0.8610627345477597,0.8846851563023427,l-PFC2,CONT,-0.023622421754582956
29,2,0.7161448091115143,0.7287747485609901,MTG,DMN,-0.012629939449475769
30,2,0.7164258440366521,0.7144051579958062,l-IPL2,DMN,0.0020206860408459315
31,2,0.7285397092957109,0.7305365239992407,r-ITG,CONT,-0.001996814703529859
32,3,0.7674097301779104,0.7727190629954417,mPFC,DMN,-0.00530933281753132
33,3,0.6202597835268613,0.6090511094348707,r-IPL,DMN,0.011208674091990556
34,3,0.6148597769740132,0.6097687971750432,RSC1,RSC,0.005090979798969997
35,3,0.7351782546506959,0.7007940119659246,l-IPS,CONT,0.03438424268477125
36,3,0.7527717525315964,0.7539463509538229,r-IPS,CONT,-0.0011745984222264472
37,3,0.5785062567004327,0.5769305798130523,PCUN,DMN,0.0015756768873803617
38,3,0.604527795143657,0.60578386628853,l-IPL1,DMN,-0.0012560711448730277
39,3,0.7385608273040682,0.7299120006899776,r-PFC,CONT,0.00864882661409061
40,3,0.7510785072128261,0.7382534704163672,l-PFC1,CONT,0.012825036796458855
41,3,0.5748499380475727,0.5741471189712266,PCC,DMN,0.0007028190763460618
42,3,0.6716832828011903,0.674129026922768,RSC2,RSC,-0.00244574412157772
43,3,0.7406096807775977,0.7517893488362803,SFG,CONT,-0.011179668058682646
44,3,0.6890351802997141,0.6787653155241198,l-PFC2,CONT,0.010269864775594328
45,3,0.6681852130676819,0.6764228436027796,MTG,DMN,-0.00823763053509774
46,3,0.7101176825470696,0.7141820258805034,l-IPL2,DMN,-0.004064343333433751
47,3,0.6579113801015288,0.6502149134630351,r-ITG,CONT,0.007696466638493771
48,4,0.6702134372594505,0.6815186162709976,mPFC,DMN,-0.01130517901154715
49,4,0.6601697697610696,0.6587921653012958,r-IPL,DMN,0.0013776044597737513
50,4,0.7057617754442007,0.6929541587528913,RSC1,RSC,0.012807616691309365
51,4,0.6804577621051396,0.6717608340270027,l-IPS,CONT,0.008696928078136934
52,4,0.7588264916246725,0.7315969900481549,r-IPS,CONT,0.0272295015765176
53,4,0.7506213055908753,0.7364727813096541,PCUN,DMN,0.014148524281221153
54,4,0.574415700970184,0.5816438819800624,l-IPL1,DMN,-0.007228181009878432
55,4,0.7216116396814835,0.7321125568632678,r-PFC,CONT,-0.010500917181784364
56,4,0.7666543321240935,0.7676823927944183,l-PFC1,CONT,-0.001028060670324793
57,4,0.8900951792566791,0.8769173113989543,PCC,DMN,0.01317786785772479
58,4,0.7678673452541671,0.7330055597708102,RSC2,RSC,0.034861785483356944
59,4,0.7428127916168343,0.7504700539299038,SFG,CONT,-0.007657262313069513
60,4,0.7461942729091778,0.7401758515787671,l-PFC2,CONT,0.00601842133041075
61,4,0.7715311050786504,0.7700120804934446,MTG,DMN,0.0015190245852058082
62,4,0.8743647863643608,0.8586550847603045,l-IPL2,DMN,0.01570970160405627
63,4,0.7946593551388317,0.7817634125027075,r-ITG,CONT,0.012895942636124147
64,5,0.7207062517619428,0.7115710909942439,mPFC,DMN,0.009135160767698935
65,5,0.6134822549769545,0.5662864263521095,r-IPL,DMN,0.04719582862484506
66,5,0.62370136880126,0.6005134832000389,RSC1,RSC,0.023187885601221092
67,5,0.8531730173446641,0.8092875187624572,l-IPS,CONT,0.04388549858220692
68,5,0.8434170432084681,0.8142431713049976,r-IPS,CONT,0.02917387190347054
69,5,0.6992810240954679,0.6811474148722335,PCUN,DMN,0.01813360922323437
70,5,0.6206975142550646,0.6403484939907812,l-IPL1,DMN,-0.01965097973571661
71,5,0.6419689427092838,0.6416798379827571,r-PFC,CONT,0.00028910472652676766
72,5,0.8558221794202863,0.8346117610576753,l-PFC1,CONT,0.02121041836261095
73,5,0.6119602774993462,0.6316215157657308,PCC,DMN,-0.01966123826638455
74,5,0.683923867323357,0.6693028211466321,RSC2,RSC,0.014621046176724883
75,5,0.7807499999714924,0.7700301660801185,SFG,CONT,0.010719833891373876
76,5,0.7719507462953838,0.7614584003586415,l-PFC2,CONT,0.010492345936742309
77,5,0.7187673949529294,0.722030190754344,MTG,DMN,-0.003262795801414642
78,5,0.7252402005537062,0.7113303073589048,l-IPL2,DMN,0.013909893194801404
79,5,0.8398806479520866,0.8328238378409578,r-ITG,CONT,0.007056810111128797
80,6,0.7589359429831517,0.7809354988647828,mPFC,DMN,-0.02199955588163105
81,6,0.6386717018530838,0.6582879889448904,r-IPL,DMN,-0.019616287091806628
82,6,0.7073716288894545,0.7103452172164384,RSC1,RSC,-0.0029735883269839114
83,6,0.7657146434282949,0.7561040641057588,l-IPS,CONT,0.009610579322536061
84,6,0.7510188086873427,0.730852225113165,r-IPS,CONT,0.020166583574177666
85,6,0.7221801233938323,0.7269800152810244,PCUN,DMN,-0.004799891887192098
86,6,0.669129631831656,0.6626864329483674,l-IPL1,DMN,0.006443198883288592
87,6,0.7224760993570991,0.7270287716718058,r-PFC,CONT,-0.004552672314706685
88,6,0.7983754047857585,0.8062332976957232,l-PFC1,CONT,-0.007857892909964637
89,6,0.758077755495911,0.7191877881515375,PCC,DMN,0.038889967344373555
90,6,0.6930266513893415,0.6688187033099886,RSC2,RSC,0.024207948079352892
91,6,0.6854441877404047,0.6859323628285076,SFG,CONT,-0.00048817508810283794
92,6,0.7829898607454349,0.7679735968574413,l-PFC2,CONT,0.015016263887993597
93,6,0.7363486288267658,0.744031111250685,MTG,DMN,-0.0076824824239192235
94,6,0.6641925999815864,0.6505100410351431,l-IPL2,DMN,0.013682558946443324
95,6,0.7576527581284184,0.7640245639075616,r-ITG,CONT,-0.0063718057791432026
96,7,0.6972495700084851,0.6900344127997337,mPFC,DMN,0.007215157208751433
97,7,0.5962321089019424,0.56216239655268,r-IPL,DMN,0.03406971234926248
98,7,0.76354097299747,0.741623551112744,RSC1,RSC,0.021917421884726007
99,7,0.7493869857460793,0.7551687228837303,l-IPS,CONT,-0.005781737137650955
100,7,0.7224642789404334,0.7334996178647979,r-IPS,CONT,-0.01103533892436448
101,7,0.7508184277074155,0.742221820347452,PCUN,DMN,0.008596607359963482
102,7,0.7543130536686109,0.7235141477098217,l-IPL1,DMN,0.030798905958789202
103,7,0.7433465274983593,0.753478066581063,r-PFC,CONT,-0.0101315390827037
104,7,0.8250108442580271,0.8151615259718936,l-PFC1,CONT,0.009849318286133446
105,7,0.8345311825506148,0.8222960981468839,PCC,DMN,0.01223508440373089
106,7,0.801348379858505,0.7779929538939685,RSC2,RSC,0.023355425964536547
107,7,0.7653698301709912,0.7479808766445064,SFG,CONT,0.01738895352648484
108,7,0.8612699133269839,0.8468869339517966,l-PFC2,CONT,0.014382979375187288
109,7,0.6704417759462034,0.6544015992910222,MTG,DMN,0.016040176655181204
110,7,0.7520953790808517,0.7605908418345452,l-IPL2,DMN,-0.008495462753693506
111,7,0.7139685687813986,0.7189615113343064,r-ITG,CONT,-0.004992942552907831
112,8,0.8722379670227729,0.8749883971843065,mPFC,DMN,-0.0027504301615336457
113,8,0.5932577924796247,0.5885468286040998,r-IPL,DMN,0.004710963875524943
114,8,0.7617826538349373,0.7458185692359851,RSC1,RSC,0.015964084598952155
115,8,0.9088150201141899,0.9125106569170709,l-IPS,CONT,-0.003695636802880986
116,8,0.8505382883932876,0.8320292003257859,r-IPS,CONT,0.018509088067501733
117,8,0.7090975611547248,0.7057612782652934,PCUN,DMN,0.00333628288943133
118,8,0.5733646794436185,0.5951016898809662,l-IPL1,DMN,-0.02173701043734777
119,8,0.7872165196124365,0.7808089390467059,r-PFC,CONT,0.006407580565730653
120,8,0.8720303276243826,0.8653047202841575,l-PFC1,CONT,0.006725607340225093
121,8,0.7765911037802131,0.7872987986614517,PCC,DMN,-0.010707694881238572
122,8,0.7513328464038358,0.7249127521664427,RSC2,RSC,0.02642009423739311
123,8,0.6938481653082371,0.6733862005636719,SFG,CONT,0.020461964744565186
124,8,0.6960584316675371,0.6552793879508594,l-PFC2,CONT,0.04077904371667773
125,8,0.7900308605308786,0.7716517187989387,MTG,DMN,0.018379141731939885
126,8,0.7492036928374324,0.7244393999343455,l-IPL2,DMN,0.024764292903086904
127,8,0.8530245131283922,0.8460236187610379,r-ITG,CONT,0.007000894367354293
128,9,0.8118610196812318,0.8243679788720915,mPFC,DMN,-0.012506959190859646
129,9,0.6084072035135406,0.6113532121329173,r-IPL,DMN,-0.002946008619376661
130,9,0.6256714266563959,0.6298003278990425,RSC1,RSC,-0.004128901242646643
131,9,0.7823424699025356,0.7765617233451112,l-IPS,CONT,0.005780746557424443
132,9,0.7261340062146455,0.7150329820954529,r-IPS,CONT,0.01110102411919267
133,9,0.6969098815605423,0.6952063016210316,PCUN,DMN,0.0017035799395107576
134,9,0.5676885349957868,0.578709834513832,l-IPL1,DMN,-0.011021299518045202
135,9,0.7166749988857721,0.721759381440694,r-PFC,CONT,-0.005084382554921829
136,9,0.700794842813482,0.698381680786496,l-PFC1,CONT,0.0024131620269860488
137,9,0.7029524228036097,0.7118493621615295,PCC,DMN,-0.008896939357919798
138,9,0.7290841652032038,0.6935360303995942,RSC2,RSC,0.03554813480360963
139,9,0.7058609654105312,0.7030039083597805,SFG,CONT,0.0028570570507506776
140,9,0.7353226800347976,0.7406523360600911,l-PFC2,CONT,-0.00532965602529345
141,9,0.7414062332047731,0.7484105793869037,MTG,DMN,-0.0070043461821306385
142,9,0.7280191625496699,0.7454004687488363,l-IPL2,DMN,-0.017381306199166335
143,9,0.8135714751465831,0.8106899836397973,r-ITG,CONT,0.0028814915067858493
144,10,0.8156531740428793,0.8148825719457706,mPFC,DMN,0.0007706020971086636
145,10,0.6377176679455192,0.6391375318514845,r-IPL,DMN,-0.0014198639059652685
146,10,0.7947708573724606,0.7743962866457323,RSC1,RSC,0.020374570726728214
147,10,0.7467460265144844,0.7317075501831383,l-IPS,CONT,0.01503847633134614
148,10,0.763295929893135,0.7546544945947348,r-IPS,CONT,0.008641435298400224
149,10,0.666897077734748,0.687081096666806,PCUN,DMN,-0.0201840189320579
150,10,0.7283981667807594,0.7005954927514875,l-IPL1,DMN,0.027802674029271945
151,10,0.8351787628227862,0.8359788076777243,r-PFC,CONT,-0.000800044854938009
152,10,0.771958191789117,0.7659998618447288,l-PFC1,CONT,0.005958329944388163
153,10,0.6128038631413799,0.6222071505317376,PCC,DMN,-0.009403287390357673
154,10,0.7723085441709281,0.7781039660091156,RSC2,RSC,-0.005795421838187487
155,10,0.6692138285304614,0.6728157150106808,SFG,CONT,-0.0036018864802194184
156,10,0.7525860476748905,0.7500152533733702,l-PFC2,CONT,0.002570794301520296
157,10,0.7106011763733169,0.7180479408303508,MTG,DMN,-0.007446764457033961
158,10,0.740445636121223,0.7342469148563684,l-IPL2,DMN,0.006198721264854656
159,10,0.6938985378539139,0.6877694004291781,r-ITG,CONT,0.006129137424735753
160,11,0.7893980681089994,0.7874625824907038,mPFC,DMN,0.001935485618295596
161,11,0.593562996313178,0.5846471872523035,r-IPL,DMN,0.008915809060874524
162,11,0.6798052412284189,0.6643306931832567,RSC1,RSC,0.01547454804516224
163,11,0.907881356410252,0.8459011461594526,l-IPS,CONT,0.06198021025079947
164,11,0.932833480360912,0.8697802919900852,r-IPS,CONT,0.06305318837082674
165,11,0.6589470539763489,0.6796756634201002,PCUN,DMN,-0.020728609443751322
166,11,0.6784770631277295,0.6564501717057958,l-IPL1,DMN,0.022026891421933703
167,11,0.8327641767006433,0.8141070250515823,r-PFC,CONT,0.01865715164906101
168,11,1.0320279387776203,1.0040658196554726,l-PFC1,CONT,0.027962119122147744
169,11,0.8682236344501986,0.8584132495734338,PCC,DMN,0.009810384876764777
170,11,0.762216906971769,0.7405838375241631,RSC2,RSC,0.0216330694476059
171,11,0.6402026400903273,0.6452999501165174,SFG,CONT,-0.005097310026190072
172,11,0.7504083542095425,0.7229958253598272,l-PFC2,CONT,0.027412528849715345
173,11,0.8294330544086073,0.8541247451960325,MTG,DMN,-0.02469169078742528
174,11,0.8783214647294184,0.8697535419927273,l-IPL2,DMN,0.008567922736691158
175,11,0.8613138620878633,0.8422578235461247,r-ITG,CONT,0.01905603854173865
176,12,0.6773992459127056,0.669771179626621,mPFC,DMN,0.007628066286084589
177,12,0.5901166946678971,0.5799937896901253,r-IPL,DMN,0.010122904977771796
178,12,0.7203631270410306,0.7172228766171879,RSC1,RSC,0.0031402504238426943
179,12,0.668129548731353,0.6849962312214071,l-IPS,CONT,-0.016866682490054075
180,12,0.7316114538027327,0.7472627431177807,r-IPS,CONT,-0.015651289315048
181,12,0.6896123250524184,0.6842069336903452,PCUN,DMN,0.005405391362073186
182,12,0.6443037123351597,0.6486850764206826,l-IPL1,DMN,-0.004381364085522921
183,12,0.7240807683767965,0.7257276596650177,r-PFC,CONT,-0.0016468912882212638
184,12,0.7217188658793334,0.7391784187718635,l-PFC1,CONT,-0.017459552892530095
185,12,0.7111975437076059,0.6903278347583889,PCC,DMN,0.020869708949217025
186,12,0.817663092586536,0.818153185999855,RSC2,RSC,-0.0004900934133189594
187,12,0.6886082114716371,0.6741751843631711,SFG,CONT,0.014433027108465946
188,12,0.8178641149357548,0.8398759708367521,l-PFC2,CONT,-0.0220118559009973
189,12,0.7383115449209053,0.7235896702323728,MTG,DMN,0.014721874688532588
190,12,0.7638331440593729,0.771032078327655,l-IPL2,DMN,-0.007198934268282109
191,12,0.689732425410098,0.6934992355915548,r-ITG,CONT,-0.003766810181456748
192,13,0.6680252910124851,0.6623702415818543,mPFC,DMN,0.005655049430630776
193,13,0.5837320446701635,0.5813666593171573,r-IPL,DMN,0.002365385353006233
194,13,0.7035345597986387,0.7090749892502288,RSC1,RSC,-0.0055404294515901675
195,13,0.7161384254375838,0.7333961119823873,l-IPS,CONT,-0.01725768654480353
196,13,0.6921213039801246,0.6998685005018199,r-IPS,CONT,-0.00774719652169531
197,13,0.5540852985244786,0.5481432598908829,PCUN,DMN,0.00594203863359577
198,13,0.6181721509538183,0.6228626038050321,l-IPL1,DMN,-0.004690452851213833
199,13,0.720497373877597,0.7498151857605264,r-PFC,CONT,-0.029317811882929368
200,13,0.7367499747351176,0.7565622590920617,l-PFC1,CONT,-0.019812284356944043
201,13,0.678093453044526,0.6596812890702043,PCC,DMN,0.01841216397432166
202,13,0.7692199133646258,0.7854142850609862,RSC2,RSC,-0.0161943716963604
203,13,0.7532595471245085,0.7704476359263921,SFG,CONT,-0.017188088801883605
204,13,0.7769011512944668,0.7667069448193455,l-PFC2,CONT,0.010194206475121259
205,13,0.7231798255997391,0.7527993217792643,MTG,DMN,-0.029619496179525195
206,13,0.6231161916259975,0.6307978102545218,l-IPL2,DMN,-0.007681618628524234
207,13,0.6840800032254923,0.6998656662925535,r-ITG,CONT,-0.015785663067061195
208,14,0.7444928603878471,0.7566009469452496,mPFC,DMN,-0.012108086557402475
209,14,0.6809451714790613,0.6520164880013681,r-IPL,DMN,0.028928683477693173
210,14,0.7535410660195544,0.7540490282589016,RSC1,RSC,-0.0005079622393472372
211,14,0.8494583854363504,0.8559986190928688,l-IPS,CONT,-0.006540233656518346
212,14,0.8827823318022439,0.8797573249947044,r-IPS,CONT,0.0030250068075394765
213,14,0.6929906399018426,0.6939697986800153,PCUN,DMN,-0.000979158778172673
214,14,0.6313443347640688,0.6155205308521876,l-IPL1,DMN,0.015823803911881207
215,14,0.8030728804676919,0.773496392990716,r-PFC,CONT,0.029576487476975832
216,14,0.8480295321253276,0.8518828170836993,l-PFC1,CONT,-0.003853284958371672
217,14,0.8034565995405142,0.8129522695156537,PCC,DMN,-0.009495669975139509
218,14,0.8135968532708184,0.8214658471289074,RSC2,RSC,-0.007868993858088924
219,14,0.6350059573676169,0.6426780284948587,SFG,CONT,-0.007672071127241775
220,14,0.7238403365736827,0.7458685048725266,l-PFC2,CONT,-0.02202816829884391
221,14,0.8345591853852962,0.8452267896133785,MTG,DMN,-0.010667604228082328
222,14,0.7630015045289753,0.7802500908081069,l-IPL2,DMN,-0.017248586279131617
223,14,0.8726867853638804,0.8845730480137677,r-ITG,CONT,-0.011886262649887236
224,15,0.7865205359324177,0.8206795490817722,mPFC,DMN,-0.034159013149354545
225,15,0.5226278988142077,0.5283140011747278,r-IPL,DMN,-0.00568610236052014
226,15,0.7077149317993958,0.732522960459163,RSC1,RSC,-0.024808028659767167
227,15,0.7997683897548591,0.8103126474809749,l-IPS,CONT,-0.01054425772611578
228,15,0.7935779785900692,0.8024926109984143,r-IPS,CONT,-0.008914632408345113
229,15,0.6740815812069503,0.6964364231381452,PCUN,DMN,-0.02235484193119497
230,15,0.695951257138254,0.7339736477278167,l-IPL1,DMN,-0.03802239058956269
231,15,0.7549490302715723,0.7752526858492514,r-PFC,CONT,-0.020303655577679103
232,15,0.7686326585527625,0.7981803421108311,l-PFC1,CONT,-0.029547683558068583
233,15,0.7752605908465457,0.7776333963858466,PCC,DMN,-0.0023728055393008596
234,15,0.7367609323053921,0.7571024346476878,RSC2,RSC,-0.020341502342295703
235,15,0.7217006120138683,0.7457145310218845,SFG,CONT,-0.024013919008016194
236,15,0.8297503973537929,0.8338918610737021,l-PFC2,CONT,-0.0041414637199092
237,15,0.769228511572337,0.7670274860091426,MTG,DMN,0.0022010255631943476
238,15,0.7182233776580529,0.7340637010309282,l-IPL2,DMN,-0.01584032337287533
239,15,0.8062240285016754,0.8193264230002191,r-ITG,CONT,-0.013102394498543668
240,16,0.6892112127949671,0.6707543357345833,mPFC,DMN,0.01845687706038379
241,16,0.515923568159593,0.5230081717778932,r-IPL,DMN,-0.0070846036183002115
242,16,0.7213036697158002,0.6943191398878816,RSC1,RSC,0.026984529827918546
243,16,0.7567735469921729,0.7349684416466215,l-IPS,CONT,0.021805105345551468
244,16,0.7766095551206663,0.7946904767659648,r-IPS,CONT,-0.01808092164529851
245,16,0.7002365527054337,0.6988525256729079,PCUN,DMN,0.0013840270325258253
246,16,0.6978660685806355,0.6549212045370769,l-IPL1,DMN,0.04294486404355857
247,16,0.7463979606689631,0.758913630108829,r-PFC,CONT,-0.012515669439865817
248,16,0.8679060834282326,0.8303513549154025,l-PFC1,CONT,0.03755472851283015
249,16,0.6891321329957583,0.6870172310660854,PCC,DMN,0.0021149019296728966
250,16,0.7697110797121888,0.7463768913752391,RSC2,RSC,0.02333418833694967
251,16,0.6086836011107245,0.5945541326911108,SFG,CONT,0.014129468419613711
252,16,0.929794234932586,0.9190252590542408,l-PFC2,CONT,0.010768975878345133
253,16,0.8053296276349916,0.8049285550904891,MTG,DMN,0.00040107254450250096
254,16,0.7201824623849619,0.6887492575362355,l-IPL2,DMN,0.03143320484872636
255,16,0.6762117281379618,0.6907270955675103,r-ITG,CONT,-0.014515367429548509
256,17,0.829685556090217,0.8032230338375793,mPFC,DMN,0.026462522252637677
257,17,0.6183120544641585,0.6309139390568457,r-IPL,DMN,-0.012601884592687185
258,17,0.6777513748978139,0.6738200981111769,RSC1,RSC,0.003931276786636961
259,17,0.741244691691152,0.7478282919476913,l-IPS,CONT,-0.006583600256539257
260,17,0.7028812667607965,0.7037538925202804,r-IPS,CONT,-0.0008726257594838804
261,17,0.7085237607891925,0.6949631723155126,PCUN,DMN,0.013560588473679913
262,17,0.61481568105265,0.6070176505245526,l-IPL1,DMN,0.007798030528097466
263,17,0.6914707524566006,0.7152915171984912,r-PFC,CONT,-0.023820764741890543
264,17,0.8649729484113569,0.8798678746634734,l-PFC1,CONT,-0.014894926252116525
265,17,0.7840336546346787,0.7843387078499392,PCC,DMN,-0.0003050532152605312
266,17,0.8263225867511048,0.8042666510113741,RSC2,RSC,0.022055935739730748
267,17,0.7097476809192438,0.7297475384020109,SFG,CONT,-0.019999857482767114
268,17,0.9060442385924407,0.919164269443294,l-PFC2,CONT,-0.013120030850853337
269,17,0.9202599635532938,0.9155353205855852,MTG,DMN,0.004724642967708581
270,17,0.6788142334465935,0.6818470413066853,l-IPL2,DMN,-0.0030328078600917463
271,17,0.785198182454949,0.7782629071644075,r-ITG,CONT,0.006935275290541498
272,18,0.9721884034533119,0.9765385856657963,mPFC,DMN,-0.004350182212484399
273,18,0.6133741196582259,0.613842244777383,r-IPL,DMN,-0.00046812511915717003
274,18,0.8208015565733506,0.7636632505930606,RSC1,RSC,0.057138305980290016
275,18,0.9673035886629504,0.964748563808777,l-IPS,CONT,0.00255502485417336
276,18,0.9379764117483782,0.9186437937259224,r-IPS,CONT,0.019332618022455783
277,18,0.84626224653798,0.8418055259412542,PCUN,DMN,0.0044567205967257495
278,18,0.6965081482442657,0.7137677842818817,l-IPL1,DMN,-0.017259636037616044
279,18,0.8132333726690257,0.799240891916626,r-PFC,CONT,0.013992480752399783
280,18,0.8575335560017057,0.850875726717993,l-PFC1,CONT,0.006657829283712613
281,18,0.9135331333215891,0.8953167808075397,PCC,DMN,0.018216352514049405
282,18,0.8570129339486204,0.8425850510196348,RSC2,RSC,0.01442788292898567
283,18,0.8216148713393528,0.7989049400468462,SFG,CONT,0.022709931292506647
284,18,0.8918635505162894,0.9145049022058946,l-PFC2,CONT,-0.022641351689605238
285,18,0.9578760395404775,0.9592061297726023,MTG,DMN,-0.0013300902321248254
286,18,0.7684236578282378,0.7730785034909069,l-IPL2,DMN,-0.004654845662669049
287,18,0.9089888315619121,0.8612463402263348,r-ITG,CONT,0.047742491335577286
288,19,0.7213034004767938,0.7191177989492634,mPFC,DMN,0.002185601527530334
289,19,0.6078179991397582,0.5875592764359553,r-IPL,DMN,0.02025872270380291
290,19,0.6567906554688829,0.6598311387605673,RSC1,RSC,-0.0030404832916843816
291,19,0.7942825940513192,0.7844692538499725,l-IPS,CONT,0.00981334020134672
292,19,0.7311044120086725,0.697901307464277,r-IPS,CONT,0.033203104544395456
293,19,0.6997007158028599,0.6671467300393179,PCUN,DMN,0.03255398576354196
294,19,0.5784838080489003,0.5729102611356411,l-IPL1,DMN,0.005573546913259175
295,19,0.6209803515870425,0.6350843756870583,r-PFC,CONT,-0.014104024100015877
296,19,0.7519181839811009,0.7338609846560256,l-PFC1,CONT,0.018057199325075324
297,19,0.7431720116398548,0.7224957347245073,PCC,DMN,0.020676276915347458
298,19,0.7731434587840962,0.7289754899512522,RSC2,RSC,0.04416796883284402
299,19,0.6536267525520532,0.6635902176984099,SFG,CONT,-0.00996346514635671
300,19,0.8313633796027253,0.8322984422927502,l-PFC2,CONT,-0.0009350626900248571
301,19,0.7838617355856865,0.7546509912253018,MTG,DMN,0.029210744360384733
302,19,0.6450378307103606,0.6561109073137372,l-IPL2,DMN,-0.011073076603376641
303,19,0.734014549165539,0.710066419850149,r-ITG,CONT,0.023948129315390032
304,20,0.7533716385383171,0.7272291698716798,mPFC,DMN,0.026142468666637275
305,20,0.6948005687766172,0.6973200620973866,r-IPL,DMN,-0.002519493320769395
306,20,0.6998020394493261,0.6867739988016865,RSC1,RSC,0.013028040647639516
307,20,0.8043006974676532,0.7823150095615967,l-IPS,CONT,0.021985687906056484
308,20,0.6835495564319309,0.6372961429864575,r-IPS,CONT,0.0462534134454734
309,20,0.6459729673961844,0.627743703501643,PCUN,DMN,0.01822926389454138
310,20,0.6235048588887147,0.5730476196885892,l-IPL1,DMN,0.05045723920012546
311,20,0.7672321178345796,0.775879102348824,r-PFC,CONT,-0.008646984514244394
312,20,0.6030365202120321,0.5646418727631523,l-PFC1,CONT,0.03839464744887988
313,20,0.6757687211226796,0.6187070615443828,PCC,DMN,0.057061659578296786
314,20,0.7159196201184739,0.6883473650455656,RSC2,RSC,0.02757225507290828
315,20,0.7988006768582546,0.7787993240018837,SFG,CONT,0.020001352856370946
316,20,0.8224220460428637,0.8119405155347641,l-PFC2,CONT,0.010481530508099635
317,20,0.7608123942542795,0.7438532090612846,MTG,DMN,0.016959185192994886
318,20,0.7665795824529995,0.7353814884067855,l-IPL2,DMN,0.031198094046213987
319,20,0.8002139176655306,0.7617830661776984,r-ITG,CONT,0.03843085148783221
320,21,0.7841221736500736,0.7950084489921472,mPFC,DMN,-0.010886275342073537
321,21,0.6281559965903435,0.6368146387704617,r-IPL,DMN,-0.008658642180118248
322,21,0.6659502924188871,0.6864412862274057,RSC1,RSC,-0.0204909938085186
323,21,0.8140976786575678,0.8057065596259447,l-IPS,CONT,0.00839111903162304
324,21,0.6899593031727642,0.7069919049309279,r-IPS,CONT,-0.01703260175816368
325,21,0.69123735967838,0.7166499928613546,PCUN,DMN,-0.025412633182974598
326,21,0.6371079189839512,0.6257968032938811,l-IPL1,DMN,0.01131111569007015
327,21,0.6527928475600981,0.6556066357688211,r-PFC,CONT,-0.0028137882087229116
328,21,0.8448065024262336,0.8520622323689526,l-PFC1,CONT,-0.007255729942719058
329,21,0.8375821423904338,0.8361487494764936,PCC,DMN,0.001433392913940179
330,21,0.7181004481024191,0.7454398937090434,RSC2,RSC,-0.02733944560662427
331,21,0.6915401724240453,0.6778947130495621,SFG,CONT,0.013645459374483249
332,21,0.9128059230984572,0.9148301148485551,l-PFC2,CONT,-0.0020241917500979367
333,21,0.7847956319391689,0.7788613084554636,MTG,DMN,0.005934323483705262
334,21,0.6485968773579134,0.6496915473702476,l-IPL2,DMN,-0.001094670012334209
335,21,0.8043686956315372,0.8146350840211144,r-ITG,CONT,-0.010266388389577163
336,22,0.703554690744888,0.6973357476694739,mPFC,DMN,0.006218943075414041
337,22,0.5497938651984904,0.5293309508243598,r-IPL,DMN,0.020462914374130614
338,22,0.6436299463200603,0.6547573696790494,RSC1,RSC,-0.011127423358989086
339,22,0.7122526927820348,0.7046360613082634,l-IPS,CONT,0.007616631473771451
340,22,0.7039220259146792,0.722042974783,r-IPS,CONT,-0.01812094886832072
341,22,0.5605083358721515,0.5765944156606854,PCUN,DMN,-0.016086079788533825
342,22,0.6051414663963752,0.5856153539964324,l-IPL1,DMN,0.01952611239994284
343,22,0.7451710565363197,0.7202294885942795,r-PFC,CONT,0.024941567942040166
344,22,0.7076585714722816,0.7090095941454276,l-PFC1,CONT,-0.0013510226731460184
345,22,0.7517009818305482,0.7576681886850707,PCC,DMN,-0.0059672068545224555
346,22,0.7486895915871989,0.7168603627697592,RSC2,RSC,0.03182922881743977
347,22,0.5784567490049455,0.5779810913928431,SFG,CONT,0.0004756576121023315
348,22,0.7189186434732703,0.7045759772501021,l-PFC2,CONT,0.014342666223168155
349,22,0.7148063378612576,0.682094813316859,MTG,DMN,0.03271152454439863
350,22,0.77748108045128,0.7734935500719653,l-IPL2,DMN,0.003987530379314652
351,22,0.783708289969576,0.7820929404888073,r-ITG,CONT,0.0016153494807686908
352,23,0.7729334203493817,0.7283565995864605,mPFC,DMN,0.04457682076292124
353,23,0.5708024257606492,0.5242540042284366,r-IPL,DMN,0.046548421532212614
354,23,0.7150025500577495,0.6551527590360872,RSC1,RSC,0.059849791021662324
355,23,0.7848680945059574,0.7753246901482251,l-IPS,CONT,0.009543404357732266
356,23,0.7758317792956007,0.7556790189833349,r-IPS,CONT,0.02015276031226576
357,23,0.6762080651701355,0.6098317257749841,PCUN,DMN,0.06637633939515142
358,23,0.6301267020335474,0.564870140528954,l-IPL1,DMN,0.06525656150459336
359,23,0.6004867515102671,0.605777872771537,r-PFC,CONT,-0.00529112126126996
360,23,0.7661771790190219,0.7726427079918532,l-PFC1,CONT,-0.006465528972831258
361,23,0.7693868114350526,0.7364966955485026,PCC,DMN,0.03289011588655
362,23,0.7223861630697079,0.6911405854232742,RSC2,RSC,0.031245577646433764
363,23,0.6904890531696384,0.6631497885374396,SFG,CONT,0.027339264632198823
364,23,0.6346796065383455,0.6059752597168142,l-PFC2,CONT,0.028704346821531335
365,23,0.8260687946845662,0.7936972925437196,MTG,DMN,0.03237150214084661
366,23,0.6518621451966353,0.6322882859079366,l-IPL2,DMN,0.019573859288698703
367,23,0.7124616300405571,0.6409663367171712,r-ITG,CONT,0.07149529332338589
368,24,0.6911772161703634,0.723325388360051,mPFC,DMN,-0.032148172189687574
369,24,0.5887348862330513,0.5938538987363375,r-IPL,DMN,-0.00511901250328628
370,24,0.6624203066067873,0.685574622712798,RSC1,RSC,-0.02315431610601071
371,24,0.7443450100618081,0.73728719275384,l-IPS,CONT,0.007057817307968062
372,24,0.7336473149631222,0.7061090326421545,r-IPS,CONT,0.027538282320967666
373,24,0.6760314541077199,0.6846635643387712,PCUN,DMN,-0.00863211023105126
374,24,0.6650699972515277,0.6561887334044811,l-IPL1,DMN,0.008881263847046572
375,24,0.6771581297667052,0.6846409317393971,r-PFC,CONT,-0.00748280197269191
376,24,0.6707136845930186,0.6850909156044341,l-PFC1,CONT,-0.014377231011415526
377,24,0.8276731764578138,0.8417406995778105,PCC,DMN,-0.014067523119996705
378,24,0.7155282300177311,0.7148819712529049,RSC2,RSC,0.0006462587648262685
379,24,0.7067790544984087,0.7377944408389596,SFG,CONT,-0.0310153863405509
380,24,0.6719815982479285,0.6612135785493145,l-PFC2,CONT,0.010768019698613962
381,24,0.7721638194543993,0.7698334809069391,MTG,DMN,0.00233033854746012
382,24,0.6497967786755907,0.6600882233803496,l-IPL2,DMN,-0.010291444704758845
383,24,0.7082475909685809,0.7058356920165709,r-ITG,CONT,0.0024118989520099943
