sub_id,within_state_ps,between_state_ps,cluster,cluster_type,cogState_index
1,0.19383262258361972,0.16525079662806147,mPFC,DMN,0.02858182595555825
2,0.11877091236809365,0.07508778464813005,mPFC,DMN,0.04368312771996359
3,0.06470938739694908,0.05200171426740763,mPFC,DMN,0.01270767312954145
4,0.17892052536735498,0.13161883215897727,mPFC,DMN,0.04730169320837771
5,0.15769184407748305,0.03923014163687556,mPFC,DMN,0.11846170244060748
6,0.27905375245129466,0.19442645829669658,mPFC,DMN,0.08462729415459808
7,0.08461327811635871,0.17392721104074169,mPFC,DMN,-0.08931393292438297
8,0.3073260969940679,0.33701078806314233,mPFC,DMN,-0.029684691069074454
9,0.1241553093986868,0.12747034715389893,mPFC,DMN,-0.0033150377552121357
10,0.08671123142115628,0.07185747797993028,mPFC,DMN,0.014853753441225998
11,0.24355947576826528,0.14634770886159312,mPFC,DMN,0.09721176690667216
12,0.37324124043379164,0.2897796460917156,mPFC,DMN,0.08346159434207606
13,0.15769865782242126,0.20988978607579206,mPFC,DMN,-0.0521911282533708
14,0.38822158320311684,0.31511097462764515,mPFC,DMN,0.07311060857547169
15,0.1987913189674323,0.1474094549946387,mPFC,DMN,0.051381863972793596
16,0.10531219682382156,0.10887601215603496,mPFC,DMN,-0.0035638153322133936
17,0.4452263794858149,0.36336601183909273,mPFC,DMN,0.08186036764672217
18,0.28909484507432953,0.3411543765703258,mPFC,DMN,-0.05205953149599629
19,0.2973963540075364,0.2930111948536543,mPFC,DMN,0.004385159153882101
20,0.22569279859067523,0.17398718841144004,mPFC,DMN,0.051705610179235195
21,0.18168641748070266,0.19932112631172688,mPFC,DMN,-0.01763470883102422
22,0.1325602235002591,0.06724919172027266,mPFC,DMN,0.06531103177998643
23,0.2630509285443742,0.1726801511689327,mPFC,DMN,0.09037077737544147
24,0.2974311656280989,0.34845755939292133,mPFC,DMN,-0.05102639376482243
1,0.4059512921882288,0.3479079156850325,r-IPL,DMN,0.0580433765031963
2,0.26778284716364176,0.32022785880706817,r-IPL,DMN,-0.05244501164342641
3,0.36273048300592886,0.27479946334444944,r-IPL,DMN,0.08793101966147943
4,0.3450199413903158,0.312702357516515,r-IPL,DMN,0.03231758387380079
5,0.3747400411296778,0.43708432360948757,r-IPL,DMN,-0.062344282479809776
6,0.8300928842588311,0.7244213095479594,r-IPL,DMN,0.10567157471087174
7,0.3613428705218997,0.4426783648933104,r-IPL,DMN,-0.08133549437141074
8,0.4083368265643436,0.2778216571728622,r-IPL,DMN,0.1305151693914814
9,0.32707132297907326,0.33492697392813686,r-IPL,DMN,-0.007855650949063597
10,0.4159039189697564,0.415075117935342,r-IPL,DMN,0.0008288010344144059
11,0.16100436837235368,0.24375325115302413,r-IPL,DMN,-0.08274888278067044
12,0.5648616227600208,0.5526115074259501,r-IPL,DMN,0.012250115334070721
13,0.2930677901055622,0.1786017059781195,r-IPL,DMN,0.11446608412744272
14,0.4411045072167963,0.4484357282689893,r-IPL,DMN,-0.0073312210521930266
15,0.6400069991107173,0.31366946880484875,r-IPL,DMN,0.3263375303058686
16,0.33256608146568856,0.33951979721911135,r-IPL,DMN,-0.006953715753422796
17,0.6419096127513673,0.6073746003359327,r-IPL,DMN,0.03453501241543455
18,0.4737359831827421,0.36633753515882955,r-IPL,DMN,0.10739844802391257
19,0.4414253695215135,0.42504463896663275,r-IPL,DMN,0.016380730554880762
20,0.46156480122189686,0.28005131664168254,r-IPL,DMN,0.18151348458021432
21,0.2690052999691932,0.22237640349273996,r-IPL,DMN,0.04662889647645324
22,0.5365634760287437,0.3500089039347236,r-IPL,DMN,0.18655457209402004
23,0.46604146712288336,0.3721733716582253,r-IPL,DMN,0.09386809546465807
24,0.47509787575747214,0.46759521585897545,r-IPL,DMN,0.007502659898496689
1,0.4362758503880657,0.21585917058827647,RSC1,RSC,0.22041667979978924
2,0.3767073242411741,0.3566322714820196,RSC1,RSC,0.0200750527591545
3,0.7190314180012661,0.5593502007478299,RSC1,RSC,0.1596812172534362
4,0.5236524561105009,0.5467547067913039,RSC1,RSC,-0.02310225068080296
5,0.3878349835548343,0.3675757381974355,RSC1,RSC,0.020259245357398814
6,0.6434184254603993,0.586209225423856,RSC1,RSC,0.057209200036543284
7,0.42510951449434603,0.49974804017318697,RSC1,RSC,-0.07463852567884094
8,0.6410600130199505,0.4747101880218109,RSC1,RSC,0.1663498249981396
9,0.32530778003329724,0.2927670598487292,RSC1,RSC,0.03254072018456805
10,0.5386537402501006,0.5041041671043789,RSC1,RSC,0.03454957314572171
11,0.43264726659416525,0.447560852189961,RSC1,RSC,-0.014913585595795753
12,0.908443565584446,0.8146413340543759,RSC1,RSC,0.09380223153007006
13,0.5525610473724647,0.5556149454739522,RSC1,RSC,-0.0030538981014874844
14,0.5513225062845546,0.4778263428123899,RSC1,RSC,0.0734961634721647
15,0.48397902925349245,0.34028770564516836,RSC1,RSC,0.1436913236083241
16,0.5076869948575284,0.539358785856723,RSC1,RSC,-0.03167179099919459
17,0.6128772564949008,0.4749246574890018,RSC1,RSC,0.13795259900589896
18,0.4553429135625243,0.4563322794956533,RSC1,RSC,-0.0009893659331289828
19,0.5524412299649956,0.4653436913250731,RSC1,RSC,0.08709753863992248
20,0.5120063329886987,0.49624371521681565,RSC1,RSC,0.015762617771883036
21,0.6156598975583163,0.6105180286978759,RSC1,RSC,0.005141868860440435
22,0.8236964520632568,0.4489021719602398,RSC1,RSC,0.374794280103017
23,0.7355229418822309,0.7899765822732456,RSC1,RSC,-0.054453640391014746
24,0.7346827533408054,0.6993304685723114,RSC1,RSC,0.03535228476849395
1,0.969578133610197,0.7821509435459448,l-IPS,CONT,0.18742719006425212
2,0.9004762193864919,0.8503745658247034,l-IPS,CONT,0.05010165356178853
3,0.964947760044318,0.894763057672924,l-IPS,CONT,0.07018470237139407
4,0.9427950161991967,0.9376123921596093,l-IPS,CONT,0.005182624039587358
5,0.7308539790115434,0.5723836576937407,l-IPS,CONT,0.1584703213178027
6,0.9444097953516012,0.8929799364924517,l-IPS,CONT,0.051429858859149524
7,0.9135727488304578,0.9311335884223146,l-IPS,CONT,-0.017560839591856836
8,0.6593909469517396,0.6726777320897702,l-IPS,CONT,-0.01328678513803061
9,0.5739850817010054,0.5256916352468469,l-IPS,CONT,0.04829344645415845
10,0.6607642936793678,0.6805220154792555,l-IPS,CONT,-0.019757721799887662
11,0.7709355322753999,0.7342088282318291,l-IPS,CONT,0.03672670404357081
12,0.6266925294074496,0.5900782551268202,l-IPS,CONT,0.036614274280629355
13,0.8761065489904937,0.691827617302998,l-IPS,CONT,0.18427893168749565
14,0.7183573742288959,0.5493325633672683,l-IPS,CONT,0.16902481086162757
15,0.8894796320568045,0.5705035720603461,l-IPS,CONT,0.3189760599964584
16,0.566174446791091,0.4981134022687144,l-IPS,CONT,0.06806104452237655
17,0.9141757539303581,0.7905785048603191,l-IPS,CONT,0.123597249070039
18,0.6262222539533446,0.6896113599447717,l-IPS,CONT,-0.06338910599142711
19,0.7446791707059737,0.7124103902906166,l-IPS,CONT,0.03226878041535708
20,0.6732935132358121,0.629792607786875,l-IPS,CONT,0.043500905448937144
21,0.815011188706763,0.691380989423438,l-IPS,CONT,0.12363019928332508
22,0.8656000210353695,0.8926639412395776,l-IPS,CONT,-0.027063920204208114
23,0.7214458555269985,0.6435754028220306,l-IPS,CONT,0.07787045270496784
24,0.7746445196056635,0.6335801282817022,l-IPS,CONT,0.1410643913239613
1,1.1523789748764548,0.997335597804222,r-IPS,CONT,0.1550433770722328
2,0.7495919707806212,0.7600245930589057,r-IPS,CONT,-0.010432622278284454
3,0.9614836047234858,0.9257437376419517,r-IPS,CONT,0.035739867081534094
4,0.7717202452510501,0.7676114658628677,r-IPS,CONT,0.0041087793881824375
5,0.8289044587341656,0.7544434678528513,r-IPS,CONT,0.0744609908813143
6,0.9690570314989289,0.8186494174576562,r-IPS,CONT,0.15040761404127267
7,0.9795211107049914,1.0051178471220164,r-IPS,CONT,-0.02559673641702498
8,0.6858066091576364,0.6915861856125629,r-IPS,CONT,-0.005779576454926549
9,0.715393941954496,0.6687706201015139,r-IPS,CONT,0.046623321852982125
10,0.7803610454838302,0.7675677117147917,r-IPS,CONT,0.012793333769038573
11,0.8086696253117152,0.687965624028207,r-IPS,CONT,0.12070400128350811
12,0.7928042155589969,0.7373934999664697,r-IPS,CONT,0.05541071559252719
13,1.0264437680693548,0.9390480865993969,r-IPS,CONT,0.08739568146995791
14,0.9425138228228758,0.8608773252165444,r-IPS,CONT,0.0816364976063314
15,1.0110319811843032,0.8999531247268975,r-IPS,CONT,0.11107885645740567
16,0.9890547874378779,0.9439697923567738,r-IPS,CONT,0.045084995081104084
17,0.7132224542047709,0.6183819543945227,r-IPS,CONT,0.09484049981024822
18,0.8348279040000011,0.9035512771290496,r-IPS,CONT,-0.06872337312904853
19,0.8567627580498871,0.8395797895838686,r-IPS,CONT,0.017182968466018522
20,0.7581530553898295,0.7320384359771587,r-IPS,CONT,0.026114619412670792
21,0.7676901633060986,0.7762559960121871,r-IPS,CONT,-0.008565832706088461
22,1.0261515870182123,1.0197971152822196,r-IPS,CONT,0.006354471735992684
23,0.8290841721180828,0.8167422319174664,r-IPS,CONT,0.012341940200616408
24,0.7232942383620428,0.5970670109342513,r-IPS,CONT,0.12622722742779147
1,0.49774123901631817,0.4925491616327966,PCUN,DMN,0.005192077383521565
2,0.40695605781576,0.4691510771257794,PCUN,DMN,-0.06219501931001942
3,0.4832406273602656,0.427336159868995,PCUN,DMN,0.05590446749127059
4,0.3347716533123404,0.38519278836645676,PCUN,DMN,-0.050421135054116384
5,0.23213399494147796,0.2147415614545396,PCUN,DMN,0.017392433486938363
6,0.761630982674579,0.5847448858837481,PCUN,DMN,0.1768860967908309
7,0.31543598236654036,0.42570804795685824,PCUN,DMN,-0.11027206559031788
8,0.46062556305423197,0.4384380277597517,PCUN,DMN,0.022187535294480254
9,0.15819748709122095,0.2823451933523542,PCUN,DMN,-0.12414770626113325
10,0.5019182266144179,0.5498562159777542,PCUN,DMN,-0.047937989363336375
11,0.47893554387479464,0.518821275307878,PCUN,DMN,-0.03988573143308338
12,0.6294199678368294,0.501033585511006,PCUN,DMN,0.12838638232582344
13,0.5354333008730906,0.592372527963149,PCUN,DMN,-0.056939227090058386
14,0.6645279483699764,0.6688737094956825,PCUN,DMN,-0.00434576112570606
15,0.5135259604770045,0.2610126131046587,PCUN,DMN,0.2525133473723458
16,0.5526243658311523,0.6462810227156845,PCUN,DMN,-0.09365665688453229
17,0.4252248404103677,0.306665926000969,PCUN,DMN,0.1185589144093987
18,0.6520256806999609,0.6296532653435098,PCUN,DMN,0.02237241535645107
19,0.4367655840668734,0.4724095890509251,PCUN,DMN,-0.035644004984051736
20,0.5530764501671607,0.5203650895210736,PCUN,DMN,0.03271136064608704
21,0.4421679968285313,0.4779824337765949,PCUN,DMN,-0.03581443694806358
22,0.5444937915522572,0.5048711898757476,PCUN,DMN,0.03962260167650955
23,0.3516235659075176,0.31304965993537937,PCUN,DMN,0.03857390597213822
24,0.5972069668228465,0.6140080898265585,PCUN,DMN,-0.01680112300371206
1,0.4706204638925773,0.16912631254092542,l-IPL1,DMN,0.30149415135165186
2,0.5878622603807484,0.6133109124673464,l-IPL1,DMN,-0.025448652086597967
3,0.38507337309437756,0.35983682452419324,l-IPL1,DMN,0.025236548570184314
4,0.2659414765994663,0.30622308831452516,l-IPL1,DMN,-0.04028161171505884
5,0.17593312812789252,0.18324635157559188,l-IPL1,DMN,-0.007313223447699357
6,0.48519059619860394,0.4415613548965318,l-IPL1,DMN,0.04362924130207213
7,0.04008395127353094,0.15461970963993704,l-IPL1,DMN,-0.1145357583664061
8,0.33022886830878884,0.315541146957494,l-IPL1,DMN,0.014687721351294813
9,0.23635771463279917,0.25240912981320185,l-IPL1,DMN,-0.01605141518040268
10,0.3328538417504213,0.33586840217187464,l-IPL1,DMN,-0.003014560421453316
11,0.32443417581220807,0.3846487412327194,l-IPL1,DMN,-0.060214565420511346
12,0.5434763956006522,0.5642756768410218,l-IPL1,DMN,-0.02079928124036956
13,0.3521083553580537,0.381074027865356,l-IPL1,DMN,-0.02896567250730231
14,0.31161945834199645,0.36413196137000364,l-IPL1,DMN,-0.052512503028007196
15,0.14249254977758435,0.1366842128469427,l-IPL1,DMN,0.005808336930641644
16,0.30505313185242056,0.3467395867427973,l-IPL1,DMN,-0.041686454890376756
17,0.41194030036007606,0.3653977209446071,l-IPL1,DMN,0.046542579415468965
18,0.3292202542260682,0.33226258968158945,l-IPL1,DMN,-0.003042335455521239
19,0.26105935441527905,0.2755082545529,l-IPL1,DMN,-0.014448900137620957
20,0.3900562034545346,0.38383726951089736,l-IPL1,DMN,0.0062189339436372615
21,0.5803711836934836,0.5867872234071696,l-IPL1,DMN,-0.006416039713685984
22,0.49461422281030104,0.4549515315269767,l-IPL1,DMN,0.039662691283324336
23,0.34703739685646356,0.3495387905078649,l-IPL1,DMN,-0.00250139365140134
24,0.37762543143832417,0.41624494100743337,l-IPL1,DMN,-0.0386195095691092
1,0.5585129491914932,0.6547094337747345,r-PFC,CONT,-0.09619648458324126
2,0.6966210334681686,0.6440042171757241,r-PFC,CONT,0.052616816292444524
3,0.6521824568921435,0.673325743624767,r-PFC,CONT,-0.021143286732623556
4,0.8897119599795578,0.9105622251368632,r-PFC,CONT,-0.02085026515730548
5,0.7860260975369024,0.6763351321846658,r-PFC,CONT,0.10969096535223666
6,0.6611487643901497,0.6739846682852003,r-PFC,CONT,-0.012835903895050627
7,0.6953037008634557,0.6907328665259567,r-PFC,CONT,0.004570834337499052
8,0.7970369292672498,0.8635947843124931,r-PFC,CONT,-0.06655785504524336
9,0.6277210246651592,0.636133348178876,r-PFC,CONT,-0.00841232351371679
10,0.8030512715783605,0.7035296055285001,r-PFC,CONT,0.09952166604986046
11,1.0274130877379393,0.9925188904596886,r-PFC,CONT,0.034894197278250716
12,1.009970854855728,1.0154762658614227,r-PFC,CONT,-0.0055054110056946826
13,0.720002182811531,0.6930605319894216,r-PFC,CONT,0.02694165082210942
14,0.6849150072531396,0.6641905730993005,r-PFC,CONT,0.020724434153839066
15,1.0560699410311218,0.9099997688166727,r-PFC,CONT,0.14607017221444918
16,0.8937021349670735,0.9337965403263733,r-PFC,CONT,-0.040094405359299756
17,0.47100892362292496,0.4347836190806158,r-PFC,CONT,0.036225304542309156
18,0.9833120773944504,0.9313902437569637,r-PFC,CONT,0.0519218336374867
19,0.8027285941525769,0.8655804986550635,r-PFC,CONT,-0.06285190450248657
20,0.7907979116521427,0.7139675603976777,r-PFC,CONT,0.07683035125446502
21,1.0863959545069006,1.1381964130088704,r-PFC,CONT,-0.05180045850196979
22,1.0629674951199235,0.9961926602566847,r-PFC,CONT,0.06677483486323876
23,0.7697046516962249,0.7271086818988751,r-PFC,CONT,0.04259596979734981
24,0.5467436262563794,0.5144175908046735,r-PFC,CONT,0.03232603545170587
1,0.5668535156415366,0.5174931019643572,l-PFC1,CONT,0.04936041367717947
2,0.5852896935556354,0.5566738045172097,l-PFC1,CONT,0.028615889038425713
3,1.0899216802322467,1.1069416702741095,l-PFC1,CONT,-0.01701999004186283
4,0.9166661643054257,0.8467858107430555,l-PFC1,CONT,0.06988035356237021
5,0.977375434056259,0.9119707792269849,l-PFC1,CONT,0.06540465482927416
6,0.8421389712424001,0.7955766323851953,l-PFC1,CONT,0.046562338857204844
7,0.5028516994144829,0.5701582680763101,l-PFC1,CONT,-0.06730656866182716
8,0.8464173825873245,0.8184572705652937,l-PFC1,CONT,0.027960112022030748
9,0.6084246269576146,0.680232662896519,l-PFC1,CONT,-0.07180803593890439
10,0.5226946861354512,0.5771137855968004,l-PFC1,CONT,-0.05441909946134915
11,0.8824208876008147,0.6180666358874372,l-PFC1,CONT,0.26435425171337756
12,0.7629933721639082,0.7092220695023475,l-PFC1,CONT,0.053771302661560716
13,1.042423265586093,1.0321122070872415,l-PFC1,CONT,0.0103110584988515
14,0.6984634352779482,0.763630544760242,l-PFC1,CONT,-0.06516710948229376
15,1.089831514681641,0.9475194422787299,l-PFC1,CONT,0.14231207240291122
16,0.5574855023635568,0.5503223343498755,l-PFC1,CONT,0.00716316801368122
17,1.208340405571024,1.0038983434797757,l-PFC1,CONT,0.20444206209124838
18,1.053725112563654,1.060709438346433,l-PFC1,CONT,-0.006984325782779077
19,0.6681652542010623,0.6424099703408748,l-PFC1,CONT,0.02575528386018755
20,0.8816136679273734,0.8136836585599843,l-PFC1,CONT,0.06793000936738913
21,0.9303240561069115,0.667822167691305,l-PFC1,CONT,0.2625018884156065
22,0.7431661590746197,0.6758881793988756,l-PFC1,CONT,0.06727797967574412
23,0.5169994399006931,0.47116117177703937,l-PFC1,CONT,0.045838268123653714
24,0.5831802455008971,0.4973373225469761,l-PFC1,CONT,0.08584292295392099
1,0.1818397923337521,0.0870767282874651,PCC,DMN,0.09476306404628701
2,0.08021508616480774,0.11011437005934502,PCC,DMN,-0.029899283894537276
3,0.5377031180321997,0.5208864469527119,PCC,DMN,0.01681667107948781
4,0.13115653328667626,0.13385131872206668,PCC,DMN,-0.0026947854353904233
5,0.34798039469274133,0.3985963111667701,PCC,DMN,-0.050615916474028744
6,0.5687796913894853,0.4614351378099395,PCC,DMN,0.10734455357954575
7,0.19006284735565837,0.19562982331410678,PCC,DMN,-0.005566975958448406
8,0.3742726558114876,0.3375186669693222,PCC,DMN,0.03675398884216541
9,0.2055391890183416,0.2347578846114162,PCC,DMN,-0.029218695593074606
10,0.3834402417380377,0.3251260864624552,PCC,DMN,0.05831415527558248
11,0.243510973752246,0.21235826157342008,PCC,DMN,0.031152712178825925
12,0.3638235018013192,0.4087542126443703,PCC,DMN,-0.04493071084305106
13,0.13878666772119574,0.14603208731709122,PCC,DMN,-0.007245419595895475
14,0.5094706446535495,0.3214422686594991,PCC,DMN,0.18802837599405042
15,0.13202991064694417,0.2234891045268323,PCC,DMN,-0.09145919387988813
16,0.2202512861044057,0.26448008927897376,PCC,DMN,-0.044228803174568065
17,0.5893944705315715,0.3843533426727227,PCC,DMN,0.20504112785884876
18,0.41399353661693383,0.455109618637665,PCC,DMN,-0.04111608202073119
19,0.3472142086742215,0.3983926462591241,PCC,DMN,-0.05117843758490259
20,0.2991057464776232,0.2900670878646552,PCC,DMN,0.009038658612968042
21,0.2664150381713429,0.2569290660890355,PCC,DMN,0.009485972082307392
22,0.3011879249945132,0.1498278075031368,PCC,DMN,0.1513601174913764
23,0.39031891444977557,0.434263463736633,PCC,DMN,-0.043944549286857426
24,0.28276152217540057,0.30040427262050207,PCC,DMN,-0.017642750445101496
1,0.45219310420918263,0.32674259634205466,RSC2,RSC,0.12545050786712797
2,0.7437792729061974,0.7863116318878799,RSC2,RSC,-0.042532358981682505
3,1.020892081784387,0.9608548332464731,RSC2,RSC,0.06003724853791381
4,0.7755294694175965,0.818672841829601,RSC2,RSC,-0.0431433724120045
5,0.6129073719482169,0.6763423445931077,RSC2,RSC,-0.06343497264489084
6,0.6953621372839076,0.5444331056687821,RSC2,RSC,0.1509290316151255
7,0.6188560623485477,0.710803900597511,RSC2,RSC,-0.09194783824896324
8,0.6765040668340654,0.4847529429124763,RSC2,RSC,0.1917511239215891
9,0.44150005350089283,0.4687926307401248,RSC2,RSC,-0.027292577239231952
10,0.810096833063018,0.8413779484721335,RSC2,RSC,-0.03128111540911549
11,0.5916792458923726,0.6737820129875709,RSC2,RSC,-0.08210276709519826
12,0.9810721097741552,0.9408524591596616,RSC2,RSC,0.04021965061449351
13,0.67957516087584,0.7170397530111995,RSC2,RSC,-0.037464592135359465
14,0.6282351024701092,0.5630269918744575,RSC2,RSC,0.06520811059565168
15,0.5535607582133114,0.49161641580253,RSC2,RSC,0.061944342410781394
16,0.3425446217645222,0.3667343228684453,RSC2,RSC,-0.0241897011039231
17,0.5631007025736974,0.5416004331624602,RSC2,RSC,0.02150026941123717
18,0.41313841156648545,0.410775456932591,RSC2,RSC,0.002362954633894465
19,0.4473634095847502,0.440067709657582,RSC2,RSC,0.007295699927168164
20,0.3546274843216479,0.33219645219360094,RSC2,RSC,0.02243103212804698
21,0.8273327308157296,0.8769327042169051,RSC2,RSC,-0.0495999734011755
22,0.612684760482858,0.611902226361362,RSC2,RSC,0.0007825341214959813
23,0.8015856390207392,0.7781605715422013,RSC2,RSC,0.023425067478537898
24,0.7304398772946668,0.8027930729512966,RSC2,RSC,-0.0723531956566299
1,0.4910883844761953,0.5392387450989886,SFG,CONT,-0.04815036062279332
2,0.7867163658357329,0.8635023305853241,SFG,CONT,-0.0767859647495912
3,0.4658026292725703,0.4739663054462617,SFG,CONT,-0.008163676173691403
4,0.9165719630633729,0.8907556988002054,SFG,CONT,0.02581626426316741
5,0.7481529177354405,0.8055533536582181,SFG,CONT,-0.05740043592277766
6,0.8448840575855712,0.7897390846892076,SFG,CONT,0.05514497289636355
7,0.3076421748458081,0.43450788588838585,SFG,CONT,-0.12686571104257777
8,0.9588777529992146,0.9989885289968257,SFG,CONT,-0.04011077599761104
9,0.45777081196530234,0.49121602827675137,SFG,CONT,-0.03344521631144903
10,0.5740020736214565,0.6010178497793686,SFG,CONT,-0.027015776157912064
11,0.5756535526019213,0.634819433417185,SFG,CONT,-0.05916588081526375
12,0.5829189293798284,0.5992627150865517,SFG,CONT,-0.016343785706723346
13,0.6932133872870578,0.6692150647783675,SFG,CONT,0.023998322508690384
14,0.9045259400257568,0.9067262380466634,SFG,CONT,-0.002200298020906599
15,0.8251388677690169,0.4768517961431807,SFG,CONT,0.3482870716258362
16,0.6663451809897851,0.6757781708954749,SFG,CONT,-0.009432989905689748
17,0.9069364778217961,0.9716331514772512,SFG,CONT,-0.06469667365545506
18,0.6620180380659259,0.7229033321648674,SFG,CONT,-0.0608852940989415
19,0.706568210237811,0.7531873860762573,SFG,CONT,-0.046619175838446325
20,0.595539781915223,0.5898198183054006,SFG,CONT,0.005719963609822409
21,0.8647157739740214,0.820299108137774,SFG,CONT,0.04441666583624748
22,1.0416841240447101,1.0413074239409634,SFG,CONT,0.0003767001037466855
23,0.544163693918527,0.6242653814803587,SFG,CONT,-0.08010168756183167
24,0.9173095176475641,0.8561819268011466,SFG,CONT,0.0611275908464175
1,0.9976209336173805,1.0128525932912131,l-PFC2,CONT,-0.015231659673832665
2,0.5208172574635199,0.527028946306535,l-PFC2,CONT,-0.00621168884301504
3,0.8736288972737672,0.7996716794542599,l-PFC2,CONT,0.07395721781950737
4,0.16970994971579534,0.19562011429295706,l-PFC2,CONT,-0.02591016457716172
5,0.9034648743112582,0.9108067381434366,l-PFC2,CONT,-0.007341863832178386
6,0.5674445030865376,0.32028950630022135,l-PFC2,CONT,0.24715499678631625
7,0.2783081613577445,0.4075513181397889,l-PFC2,CONT,-0.1292431567820444
8,0.6459754027382842,0.5769077017662182,l-PFC2,CONT,0.06906770097206605
9,0.6040410034582926,0.5868835340584206,l-PFC2,CONT,0.01715746939987195
10,0.7280160582542641,0.7523697054223107,l-PFC2,CONT,-0.024353647168046666
11,0.7542877312214138,0.7055703916991838,l-PFC2,CONT,0.04871733952223001
12,0.6715826303147087,0.7190304773951726,l-PFC2,CONT,-0.0474478470804639
13,0.5793442220771592,0.5489742449427769,l-PFC2,CONT,0.030369977134382276
14,0.83882462279095,0.9045290949482319,l-PFC2,CONT,-0.06570447215728181
15,1.0170088147612755,0.8949325163357866,l-PFC2,CONT,0.12207629842548884
16,0.5468724477113144,0.4642995339766102,l-PFC2,CONT,0.08257291373470416
17,0.9679869924880762,0.8765068973464795,l-PFC2,CONT,0.09148009514159672
18,0.3952448461516212,0.4993011117953921,l-PFC2,CONT,-0.1040562656437709
19,0.7192898095391478,0.7294035657285607,l-PFC2,CONT,-0.010113756189412904
20,0.6913056046312481,0.5747698070936997,l-PFC2,CONT,0.11653579753754839
21,0.45702633118325114,0.4321091471999372,l-PFC2,CONT,0.02491718398331394
22,0.5318945972656229,0.49102858078878736,l-PFC2,CONT,0.040866016476835576
23,0.6785204153321812,0.5509934810978805,l-PFC2,CONT,0.12752693423430073
24,0.41366465156586574,0.4946477549313745,l-PFC2,CONT,-0.08098310336550874
1,0.08600578460636848,0.15174941507889342,MTG,DMN,-0.06574363047252493
2,0.16368189736992542,0.14296378936071313,MTG,DMN,0.020718108009212283
3,0.2866258875872868,0.3724099951602287,MTG,DMN,-0.08578410757294191
4,0.1795681678519832,0.19113726600613412,MTG,DMN,-0.011569098154150914
5,0.20535035441839972,0.21146941371354372,MTG,DMN,-0.006119059295144003
6,0.354656720798291,0.44557375362238505,MTG,DMN,-0.09091703282409402
7,0.25873784244583226,0.15993776236281562,MTG,DMN,0.09880008008301663
8,0.13931402195527276,0.1985570636825709,MTG,DMN,-0.059243041727298135
9,0.2512737545456363,0.29350019158697405,MTG,DMN,-0.04222643704133777
10,0.1541918687097354,0.17815684563122708,MTG,DMN,-0.023964976921491687
11,0.12882623718324687,0.1191812319623144,MTG,DMN,0.009645005220932479
12,0.31703992732193204,0.3657880576334447,MTG,DMN,-0.04874813031151265
13,0.25813675623974347,0.21082826604714397,MTG,DMN,0.0473084901925995
14,0.3522751380368858,0.2312603383984554,MTG,DMN,0.12101479963843043
15,0.31162573447040015,0.1868929786784807,MTG,DMN,0.12473275579191945
16,0.20726473068244702,0.21046453661077033,MTG,DMN,-0.003199805928323307
17,0.16012261102880287,0.15866425421891395,MTG,DMN,0.0014583568098889277
18,0.3743939093632268,0.41823727164342717,MTG,DMN,-0.04384336228020036
19,0.1734595346094046,0.21828023272564284,MTG,DMN,-0.04482069811623823
20,0.14384754578598438,0.18184800958360825,MTG,DMN,-0.03800046379762387
21,0.15700542376177612,0.20787099795180214,MTG,DMN,-0.05086557419002602
22,0.33044855223832303,0.1289673155552149,MTG,DMN,0.20148123668310813
23,0.20657249947735884,0.1548803511624984,MTG,DMN,0.05169214831486044
24,0.4655056619503145,0.4111947099501403,MTG,DMN,0.05431095200017422
1,0.22436098950337163,0.05367340105620896,l-IPL2,DMN,0.17068758844716267
2,0.3510099956366876,0.37587541794574675,l-IPL2,DMN,-0.024865422309059138
3,0.05227773170513061,0.2593398664300067,l-IPL2,DMN,-0.2070621347248761
4,0.501640074971591,0.5882813521714437,l-IPL2,DMN,-0.0866412771998527
5,0.07082552693906609,0.15542424800586796,l-IPL2,DMN,-0.08459872106680187
6,0.48010525473104537,0.5352373146214019,l-IPL2,DMN,-0.05513205989035652
7,0.4150622112372836,0.5007940475877026,l-IPL2,DMN,-0.08573183635041903
8,0.1487388203845999,0.19268860249294872,l-IPL2,DMN,-0.04394978210834882
9,0.3451311643881487,0.4484930402581466,l-IPL2,DMN,-0.1033618758699979
10,0.22050840784478898,0.2765044565879456,l-IPL2,DMN,-0.05599604874315661
11,0.19448131230208143,0.1838355909908861,l-IPL2,DMN,0.010645721311195344
12,0.3861600828768371,0.18746689548900422,l-IPL2,DMN,0.1986931873878329
13,0.2909059787768028,0.25216035224486166,l-IPL2,DMN,0.038745626531941135
14,0.31852636979454324,0.2041287865192074,l-IPL2,DMN,0.11439758327533583
15,0.2069073451556196,0.034712053434253,l-IPL2,DMN,0.1721952917213666
16,0.3338860876157074,0.37452750271179824,l-IPL2,DMN,-0.040641415096090816
17,0.4312576137917161,0.16165092956148275,l-IPL2,DMN,0.2696066842302334
18,0.3947617904741812,0.28017602208815195,l-IPL2,DMN,0.11458576838602924
19,0.5015097482642743,0.5691985724462987,l-IPL2,DMN,-0.06768882418202438
20,0.5519963605429138,0.4550931410613868,l-IPL2,DMN,0.09690321948152697
21,0.24670495807500148,0.2873511030391837,l-IPL2,DMN,-0.04064614496418223
22,0.481002834721581,-0.0030635042763482653,l-IPL2,DMN,0.4840663389979293
23,0.29190221360085583,0.12135314311638455,l-IPL2,DMN,0.17054907048447127
24,0.4918060529921313,0.5669598651615075,l-IPL2,DMN,-0.07515381216937622
1,1.060360815757638,1.0435908918234134,r-ITG,CONT,0.016769923934224717
2,0.9267085918246974,0.9131266713052476,r-ITG,CONT,0.013581920519449842
3,0.8382956512118449,0.8823769134790732,r-ITG,CONT,-0.044081262267228305
4,0.6596212335275555,0.6807280343152625,r-ITG,CONT,-0.021106800787706992
5,0.745762685778028,0.6028137757883176,r-ITG,CONT,0.14294890998971033
6,1.0790829997720257,0.9034342871846068,r-ITG,CONT,0.17564871258741888
7,0.3962246181140723,0.4366635442394431,r-ITG,CONT,-0.04043892612537081
8,0.8980614521573409,0.8001587507339116,r-ITG,CONT,0.09790270142342927
9,0.8460210295347769,0.7798595186269655,r-ITG,CONT,0.06616151090781142
10,0.581484508565832,0.6159593168686381,r-ITG,CONT,-0.03447480830280614
11,1.260327812890321,1.2155574147589965,r-ITG,CONT,0.04477039813132455
12,1.146692373577115,1.1784639496489122,r-ITG,CONT,-0.03177157607179715
13,0.9777437264870572,0.8951687629499951,r-ITG,CONT,0.08257496353706206
14,1.0493125324922856,1.1082937175850651,r-ITG,CONT,-0.0589811850927795
15,0.901393130685157,0.7946455453792727,r-ITG,CONT,0.10674758530588435
16,0.9645419365344851,1.0159466088232296,r-ITG,CONT,-0.05140467228874457
17,0.7102704253234098,0.6982308879195018,r-ITG,CONT,0.012039537403907952
18,1.2573920835879506,1.279826644840349,r-ITG,CONT,-0.0224345612523984
19,0.7125660615941334,0.8027410093152101,r-ITG,CONT,-0.0901749477210767
20,0.8520800614977107,0.8439337950937507,r-ITG,CONT,0.00814626640395999
21,1.410638190731962,1.3661879307941887,r-ITG,CONT,0.044450259937773406
22,0.7702845460648451,0.7491271408887284,r-ITG,CONT,0.02115740517611664
23,1.0972563278326506,1.1761263817251661,r-ITG,CONT,-0.07887005389251556
24,0.8379335246661974,0.7260829690063453,r-ITG,CONT,0.11185055565985214
